{
	"credit": "Made with Blockbench",
	"ambientocclusion": false,
	"textures": {
		"top": "blocks/cauldron_top",
		"bottom": "blocks/cauldron_bottom",
		"particle": "blocks/cauldron_side",
		"side": "blocks/cauldron_side",
		"inside": "blocks/cauldron_inner",
		"water": "blocks/water_still"
	},
	"elements": [
		{
			"from": [0, 3, 0],
			"to": [3, 16, 16],
			"faces": {
				"north": {"uv": [13, 0, 16, 13], "texture": "#side", "cullface": "north"},
				"east": {"uv": [0, 0, 16, 13], "texture": "#side"},
				"south": {"uv": [0, 0, 3, 13], "texture": "#side", "cullface": "south"},
				"west": {"uv": [0, 0, 16, 13], "texture": "#side", "cullface": "west"},
				"up": {"uv": [0, 0, 3, 16], "texture": "#top", "cullface": "up"},
				"down": {"uv": [0, 0, 3, 16], "texture": "#inside"}
			}
		},
		{
			"from": [2, 3, 2],
			"to": [14, 4, 14],
			"faces": {
				"north": {"uv": [2, 12, 14, 13], "texture": "#side", "cullface": "north"},
				"east": {"uv": [2, 12, 14, 13], "texture": "#side", "cullface": "east"},
				"south": {"uv": [2, 12, 14, 13], "texture": "#side", "cullface": "south"},
				"west": {"uv": [2, 12, 14, 13], "texture": "#side", "cullface": "west"},
				"up": {"uv": [2, 2, 14, 14], "texture": "#inside", "cullface": "up"},
				"down": {"uv": [2, 2, 14, 14], "texture": "#inside"}
			}
		},
		{
			"from": [13, 3, 0],
			"to": [16, 16, 16],
			"faces": {
				"north": {"uv": [0, 0, 3, 13], "texture": "#side", "cullface": "north"},
				"east": {"uv": [0, 0, 16, 13], "texture": "#side", "cullface": "east"},
				"south": {"uv": [13, 0, 16, 13], "texture": "#side", "cullface": "south"},
				"west": {"uv": [0, 0, 16, 13], "texture": "#side"},
				"up": {"uv": [13, 0, 16, 16], "texture": "#top", "cullface": "up"},
				"down": {"uv": [13, 0, 16, 16], "texture": "#inside"}
			}
		},
		{
			"from": [2, 3, 0],
			"to": [14, 16, 3],
			"faces": {
				"north": {"uv": [2, 0, 14, 13], "texture": "#side", "cullface": "north"},
				"east": {"uv": [13, 0, 16, 13], "texture": "#side", "cullface": "east"},
				"south": {"uv": [2, 0, 14, 13], "texture": "#side"},
				"west": {"uv": [0, 0, 3, 13], "texture": "#side", "cullface": "west"},
				"up": {"uv": [2, 0, 14, 3], "texture": "#top", "cullface": "up"},
				"down": {"uv": [2, 13, 14, 16], "texture": "#inside"}
			}
		},
		{
			"from": [2, 3, 13],
			"to": [14, 16, 16],
			"faces": {
				"north": {"uv": [2, 0, 14, 13], "texture": "#side"},
				"east": {"uv": [0, 0, 3, 13], "texture": "#side", "cullface": "east"},
				"south": {"uv": [2, 0, 14, 13], "texture": "#side", "cullface": "south"},
				"west": {"uv": [13, 0, 16, 13], "texture": "#side", "cullface": "west"},
				"up": {"uv": [2, 13, 14, 16], "texture": "#top", "cullface": "up"},
				"down": {"uv": [2, 0, 14, 3], "texture": "#inside"}
			}
		},
		{
			"from": [0, 0, 0],
			"to": [4, 3, 2],
			"faces": {
				"north": {"uv": [12, 13, 16, 16], "texture": "#side"},
				"east": {"uv": [14, 13, 16, 16], "texture": "#side"},
				"south": {"uv": [0, 13, 4, 16], "texture": "#side"},
				"west": {"uv": [0, 13, 2, 16], "texture": "#side"},
				"up": {"uv": [0, 0, 4, 2], "texture": "#top"},
				"down": {"uv": [0, 14, 4, 16], "texture": "#bottom"}
			}
		},
		{
			"from": [0, 0, 2],
			"to": [2, 3, 4],
			"faces": {
				"north": {"uv": [14, 13, 16, 16], "texture": "#side"},
				"east": {"uv": [12, 13, 14, 16], "texture": "#side"},
				"south": {"uv": [0, 13, 2, 16], "texture": "#side"},
				"west": {"uv": [2, 13, 4, 16], "texture": "#side"},
				"up": {"uv": [0, 2, 2, 4], "texture": "#top"},
				"down": {"uv": [0, 12, 2, 14], "texture": "#bottom"}
			}
		},
		{
			"from": [12, 0, 0],
			"to": [16, 3, 2],
			"faces": {
				"north": {"uv": [0, 13, 4, 16], "texture": "#side"},
				"east": {"uv": [14, 13, 16, 16], "texture": "#side"},
				"south": {"uv": [12, 13, 16, 16], "texture": "#side"},
				"west": {"uv": [0, 13, 2, 16], "texture": "#side"},
				"up": {"uv": [12, 0, 16, 2], "texture": "#top"},
				"down": {"uv": [12, 14, 16, 16], "texture": "#bottom"}
			}
		},
		{
			"from": [14, 0, 2],
			"to": [16, 3, 4],
			"faces": {
				"north": {"uv": [0, 13, 2, 16], "texture": "#side"},
				"east": {"uv": [12, 13, 14, 16], "texture": "#side"},
				"south": {"uv": [14, 13, 16, 16], "texture": "#side"},
				"west": {"uv": [2, 13, 4, 16], "texture": "#side"},
				"up": {"uv": [14, 2, 16, 4], "texture": "#top"},
				"down": {"uv": [14, 12, 16, 14], "texture": "#bottom"}
			}
		},
		{
			"from": [0, 0, 14],
			"to": [4, 3, 16],
			"faces": {
				"north": {"uv": [12, 13, 16, 16], "texture": "#side"},
				"east": {"uv": [0, 13, 2, 16], "texture": "#side"},
				"south": {"uv": [0, 13, 4, 16], "texture": "#side"},
				"west": {"uv": [14, 13, 16, 16], "texture": "#side"},
				"up": {"uv": [0, 14, 4, 16], "texture": "#top"},
				"down": {"uv": [0, 0, 4, 2], "texture": "#bottom"}
			}
		},
		{
			"from": [0, 0, 12],
			"to": [2, 3, 14],
			"faces": {
				"north": {"uv": [14, 13, 16, 16], "texture": "#side"},
				"east": {"uv": [2, 13, 4, 16], "texture": "#side"},
				"south": {"uv": [0, 13, 2, 16], "texture": "#side"},
				"west": {"uv": [12, 13, 14, 16], "texture": "#side"},
				"up": {"uv": [0, 12, 2, 14], "texture": "#top"},
				"down": {"uv": [0, 2, 2, 4], "texture": "#bottom"}
			}
		},
		{
			"from": [12, 0, 14],
			"to": [16, 3, 16],
			"faces": {
				"north": {"uv": [0, 13, 4, 16], "texture": "#side"},
				"east": {"uv": [0, 13, 2, 16], "texture": "#side"},
				"south": {"uv": [12, 13, 16, 16], "texture": "#side"},
				"west": {"uv": [14, 13, 16, 16], "texture": "#side"},
				"up": {"uv": [12, 14, 16, 16], "texture": "#top"},
				"down": {"uv": [12, 0, 16, 2], "texture": "#bottom"}
			}
		},
		{
			"from": [14, 0, 12],
			"to": [16, 3, 14],
			"faces": {
				"north": {"uv": [0, 13, 2, 16], "texture": "#side"},
				"east": {"uv": [2, 13, 4, 16], "texture": "#side"},
				"south": {"uv": [14, 13, 16, 16], "texture": "#side"},
				"west": {"uv": [12, 13, 14, 16], "texture": "#side"},
				"up": {"uv": [14, 12, 16, 14], "texture": "#top"},
				"down": {"uv": [14, 2, 16, 4], "texture": "#bottom"}
			}
		},
		{
			"from": [2, 15, 2],
			"to": [14, 15, 14],
			"faces": {
				"up": {"uv": [3, 3, 13, 13], "texture": "#water"}
			}
		}
	]
}