{
	"credit": "Made with Blockbench",
	"ambientocclusion": false,
	"textures": {
		"top": "blocks/hopper_top",
		"particle": "blocks/hopper_outside",
		"side": "blocks/hopper_outside",
		"inside": "blocks/hopper_inside"
	},
	"elements": [
		{
			"from": [0, 10, 0],
			"to": [16, 11, 16],
			"faces": {
				"north": {"uv": [0, 5, 16, 6], "texture": "#side"},
				"east": {"uv": [0, 5, 16, 6], "texture": "#side"},
				"south": {"uv": [0, 5, 16, 6], "texture": "#side"},
				"west": {"uv": [0, 5, 16, 6], "texture": "#side"},
				"up": {"uv": [0, 0, 16, 16], "texture": "#inside"},
				"down": {"uv": [0, 0, 16, 16], "texture": "#side"}
			}
		},
		{
			"from": [0, 11, 0],
			"to": [3, 16, 16],
			"faces": {
				"north": {"uv": [13, 0, 16, 5], "texture": "#side"},
				"east": {"uv": [0, 0, 16, 5], "texture": "#side"},
				"south": {"uv": [0, 0, 3, 5], "texture": "#side"},
				"west": {"uv": [0, 0, 16, 5], "texture": "#side"},
				"up": {"uv": [0, 0, 3, 16], "texture": "#top"},
				"down": {"uv": [0, 0, 3, 16], "texture": "#side"}
			}
		},
		{
			"from": [13, 11, 0],
			"to": [16, 16, 16],
			"faces": {
				"north": {"uv": [0, 0, 3, 5], "texture": "#side"},
				"east": {"uv": [0, 0, 16, 5], "texture": "#side"},
				"south": {"uv": [13, 0, 16, 5], "texture": "#side"},
				"west": {"uv": [0, 0, 16, 5], "texture": "#side"},
				"up": {"uv": [13, 0, 16, 16], "texture": "#top"},
				"down": {"uv": [13, 0, 16, 16], "texture": "#side"}
			}
		},
		{
			"from": [2, 11, 0],
			"to": [14, 16, 3],
			"faces": {
				"north": {"uv": [2, 0, 14, 5], "texture": "#side"},
				"east": {"uv": [13, 0, 16, 5], "texture": "#side"},
				"south": {"uv": [2, 0, 14, 5], "texture": "#side"},
				"west": {"uv": [0, 0, 3, 5], "texture": "#side"},
				"up": {"uv": [2, 0, 14, 3], "texture": "#top"},
				"down": {"uv": [2, 13, 14, 16], "texture": "#side"}
			}
		},
		{
			"from": [2, 11, 13],
			"to": [14, 16, 16],
			"faces": {
				"north": {"uv": [2, 0, 14, 5], "texture": "#side"},
				"east": {"uv": [0, 0, 3, 5], "texture": "#side"},
				"south": {"uv": [2, 0, 14, 5], "texture": "#side"},
				"west": {"uv": [13, 0, 16, 5], "texture": "#side"},
				"up": {"uv": [2, 13, 14, 16], "texture": "#top"},
				"down": {"uv": [2, 0, 14, 3], "texture": "#side"}
			}
		},
		{
			"from": [4, 4, 4],
			"to": [12, 10, 12],
			"faces": {
				"north": {"uv": [4, 6, 12, 12], "texture": "#side"},
				"east": {"uv": [4, 6, 12, 12], "texture": "#side"},
				"south": {"uv": [4, 6, 12, 12], "texture": "#side"},
				"west": {"uv": [4, 6, 12, 12], "texture": "#side"},
				"up": {"uv": [4, 4, 12, 12], "texture": "#side"},
				"down": {"uv": [4, 4, 12, 12], "texture": "#side"}
			}
		},
		{
			"from": [6, 4, 0],
			"to": [10, 8, 4],
			"faces": {
				"north": {"uv": [6, 8, 10, 12], "texture": "#side"},
				"east": {"uv": [12, 8, 16, 12], "texture": "#side"},
				"south": {"uv": [6, 8, 10, 12], "texture": "#side"},
				"west": {"uv": [0, 8, 4, 12], "texture": "#side"},
				"up": {"uv": [6, 0, 10, 4], "texture": "#side"},
				"down": {"uv": [6, 12, 10, 16], "texture": "#side"}
			}
		}
	]
}